1;0;SHE WAS OPEN BOYS PEOPLE IN POOR
1;1;WHAT ARE YOU GOING TO DO WITH THIS PROPERTY
10;0;IT'S NO RESPECT FOR HER IT'S NO RESPECT FOR HER PRESENT IT'S ANYWAY WE'RE
10;1;WHAT ARE YOU GOING TO DO WITH THE REST OF THE WORLD WHAT ARE YOU GOING TO DO WITH THE REST OF THE WORLD
11;0;VERY SERIOUS TROUBLE BECAUSE WE HAVE A COUNTRY WITH THE TREMENDOUS NUMBERS OF NUCLEAR WAR
11;1;THERE ARE SOME REASONS THAT THERE ARE SOME REASONS THAT THERE ARE SOME REASONS THAT THERE ARE SOME REASONS THAT
12;0;IT IS 1800 BY THE WAY WHERE THEY EXPANDED IT WERE 1800 LOOKING AT
12;1;BUT THERE ARE SO MANY PEOPLE WHO HAVE BEEN ABLE TO DO THIS AND THEY HAVE BEEN ABLE TO DO SOMETHING LIKE THIS
13;0;IN THIS PLACE HE LOOKED FROM EVERYTHING AND HE HAD NO RESPECT FOR THIS
13;1;BUT THERE WAS SOMETHING THAT HAPPENED IN THE MIDDLE OF THE COUNTRY WHEN THEY WERE IN THE MIDDLE OF THE MIDDLE OF THE MIDDLE OF THE
14;0;WHAT ARE YOU DOING WELL THAT'S WHAT I SAID RATHER THAN A POPULAR
14;1;WE'RE PUSHING WHAT DO YOU THINK
14;2;
14;3;
15;0;WHAT ARE YOU GOING TO DO
15;1;IN PRESIDENT OF THE UNITED STATES AND
16;0;THEY GOT THE PROPERTY
16;1;AND THAT'S BRILLIANT
17;0;WHAT ARE YOU GOING TO DO
17;1;WHAT IT MEANS IS THAT THE RUSSIANS OF THE ANCIENT SIBERIANS ARE IN THE UNITED STATES
18;0;ME THAT YOU ENCOURAGE HAS BEEN ASKED AGAINST HOW PEOPLE
18;1;THIS IS THE MOST IMPORTANT THING IN THE COUNTRYSIDE THIS IS THE MOST IMPORTANT THING IN THE WORLD
18;2;
18;3;
19;0;AND THEN YOU ARE WILLING TO DO THIS ABOUT THE BLUE LINE AND SIGN UP FOR YOUR
19;1;WHAT ARE YOU GOING TO DO WITH THAT SORT OF THING
2;0;IN YOUR COUNTRY PEOPLE ARE COMING FROM SECRETARY SHE WAS 550
2;1;WHAT ARE YOU GOING TO DO WITH YOUR MOTHER WHAT ARE YOU GOING TO DO WITH YOUR MOTHER
20;0;THIS IS THE MOST IMPORTANT PART OF THE COUNTRYSIDE OF THE COUNTRYSIDE AND THE COUNTRYSIDE OF THE COUNTRYSIDE
20;1;IS TO BREAK UP THE NEGOTIATION IT WANTS TO DO AND THEN YOU WILL CONTINUE TO GET
21;0;WHAT ARE YOU GOING TO DO
21;1;PERFORMING AND BECAUSE HE HAD THE VARIETY OF
22;0;THIS IS THE MOST IMPORTANT THING THAT YOU CAN DO THIS IS THE MOST IMPORTANT THING
22;1;YOU THINK THAT YOU ARE SCARED NO I THINK THAT THIS IS SUCH AN IMPRESSIVE AND THE SITUATION WITH FATHER AND
23;0;THIS IS THE FIRST TIME THAT THIS IS THE FIRST TIME THAT THIS IS THE FIRST TIME
23;1;AT FOUR I'VE NEVER BEEN TRYING TO INTERFERE IN CALCULATION WE HAVE
24;0;HAVE AN INTELLIGENT INTELLIGENCE AGENCIES AND THE FIRST EXPERIENCE YOU HAVE ALL IN THE UNIVERSE AND
24;1;WHAT ARE YOU GOING TO DO WITH THAT SORT OF THING
25;0;THIS IS THE MOST IMPORTANT THING IN THE WORLD THAT WE HAVE IN THE WORLD THAT WE HAVE IN THE WORLD
25;1;THAT IT TAKES ME TO ACTUALLY TAKE THIS DIAMOND TILE COME FROM THE HIGHEST LEVEL OF
26;0;THIS IS THE MOST IMPORTANT THING THAT YOU CAN DO WITH ALL THIS
26;1;CRAMMING AND THEY ARE INSIDE TO INFLUENCE OUR
27;0;THIS IS THE MOST IMPORTANT THING THAT WE HAVE TO DO WITH THIS
27;1;COLLECTION I FIND THAT THEY CAN STOP IT
28;0;AND SHE HAS NO IDEA WHETHER A TREASURE SHE
28;1;AND I THINK IT'S TIME YOU TAKE IT AND SAY BECAUSE I
29;0;CAN ONLY PLEASE SHE HAS NO IDEA GOING TO HAVE NO IDEA AND OUR COUNTRY HAS NO IDEA
29;1;I AM CALLING MYSELF I AM CALLING SEVEN YEARS AND SEVEN YEARS AGO AND SEVEN YEARS
29;2;
29;3;
3;0;TO SAY MORE PEOPLE THAN
3;1;WHAT ARE YOU GOING TO DO WITH ME
30;0;AS WELL HE QUIETLY BELIEVED THAT IN THE OPPORTUNITY AND THEN
30;1;WHAT ARE YOU GOING TO DO WITH YOUR MOTHER
31;0;THIS IS THE MOST IMPORTANT THING YOU CAN DO WITH THIS
31;1;THE MILITARY INTELLIGENCE PROFESSION
32;0;THIS IS THE FIRST TIME THAT WE HAVE
32;1;YOU KNOW WHAT YOU WANT
4;0;I DON'T KNOW HOW MANY THOUSANDS AND THOUSANDS OF PEOPLE HAVE NO IDEA WHAT
4;1;WHAT ARE YOU GOING TO DO WITH THE REST OF THE WORLD AND THE REST OF THE WORLD
5;0;COME FROM AND YOU SEE WE ARE NOT GOING TO STOP RADICAL IS NOT GOING TO BE IN THIS COUNTRY
5;1;THERE ARE SOME REASONS THAT THERE ARE SOME REASONS THAT THERE ARE SOME REASONS THAT THERE ARE SOME REASONS THAT
6;0;IS SHE WHAT INFORMATION IN THE WORLD AND IN THE WORLD PERSONAL NUMBER
6;1;WHAT ARE YOU GOING TO DO WITH THE REST OF THE WORLD
7;0;ME SO I JUST WANT TO TELL YOU YOU WANT TO TELL ME WHAT YOU'RE GOING TO ENJOY
7;1;AND THERE ARE SO MANY PEOPLE WHO HAVE BEEN ABLE TO SEE THEM IN THE WORLD
8;0;MY BOOK AND A LOT BOOK HE SAID THAT THING IS ABOUT ME IF WE GET A LONG WHILE THEN
8;1;THERE ARE SOME REASONS THAT THERE ARE SOME REASONS THAT THERE ARE SOME REASONS THAT THERE ARE SOME REASONS
9;0;WHAT ARE YOU GOING TO DO WITH YOUR CHILDREN AND YOUR CHILDREN AND YOUR CHILDREN AND YOUR CHILDREN AND YOUR CHILDREN
9;1;WOULD BE HERE THE FRENCH AND THE UNITED STATES HAD A LONG WAY IN WAY OF THE CRISIS THAT WOULD BE
